page_idx,label
0,CREDIT_REPORT
1,URLA_1003
2,CREDIT_REPORT
3,URLA_1003
4,CREDIT_REPORT
5,URLA_1003
6,CREDIT_REPORT
7,TITLE_REPORT
8,CREDIT_REPORT
9,URLA_1003
10,CREDIT_REPORT
11,TITLE_REPORT
12,CREDIT_REPORT
13,URLA_1003
14,CREDIT_REPORT
15,TITLE_REPORT
16,CREDIT_REPORT
17,TITLE_REPORT
18,CREDIT_REPORT
19,URLA_1003
20,CREDIT_REPORT
21,TITLE_REPORT
22,CREDIT_REPORT
23,URLA_1003
24,CREDIT_REPORT
25,URLA_1003
26,CREDIT_REPORT
27,TITLE_REPORT
28,CREDIT_REPORT
29,URLA_1003
30,CREDIT_REPORT
31,TITLE_REPORT
32,CREDIT_REPORT
33,TITLE_REPORT
34,URLA_1003
35,INCOME_DOC
36,TITLE_REPORT
37,URLA_1003
38,CREDIT_REPORT
